name,Address,City,State,Zip,Country,Phone,Email,Website,zone
A Chic with Stix,807 River Road,Fair Haven,NJ,7704,USA,732-403-0285,achicwithstix@yahoo.com,www.achicwithstix.com,
The Lacrosse Box,97 E 200 N,American Fork,UT,84003,USA,801-558-3302,info@thelacrossebox.com,www.thelacrossebox.com,
Queen City Lacrosse,1700 Sawgrass Ct.,Pittsburgh,PA,15237,USA,412-388-0400,gary@qclax.com,www.qclax.com,
Oregon Bike and Skate,156 N Main Street,Oregon,WI,53575,USA,608-291-2050,info@oregonbikeandskate.com,www.oregonbikeandskate.com,
Sports Barn,2918 Crompond Rd,Yorktown Heights,NY,10598,USA,912-245-1300,sportsbarn@aol.com,www.sportsbarnyorktownny.com,
Kevin Smith Sports,"38 S Main St, #3",St. Albans,VT,5478,USA,802-524-3312,andrew@kevinsmithsports.com,www.kevinsmithsports.com,
Kevin Smith Sports,1174 Willisont Road,South Burlington,VT,5403,USA,802-658-0848,andrew@kevinsmithsports.com,www.kevinsmithsports.com,
The LAX Shop,1216 Belmont Ave,Chicago,IL,60657,USA,773-525-1600,andy@thelaxshop.com,www.thelaxshop.com,
Sportstop.com,86 Route 13,Brookline,NH,3033,USA,603-732-0031,scott@sportstop.com,www.sportstop.com,
Locker Room of Eagan,1095 Diffley Rd,Eagan,MN,55123,USA,651-688-8077,eaganlockerroom@comcast.net,,
